{"stats":{"minecraft:picked_up":{"dedsafio3:procectorsolar":1},"minecraft:custom":{"minecraft:jump":64,"minecraft:time_since_rest":26172,"minecraft:damage_dealt":130,"minecraft:sprint_one_cm":8782,"minecraft:crouch_one_cm":374,"minecraft:damage_taken":415,"minecraft:leave_game":7,"minecraft:play_time":26172,"minecraft:walk_one_cm":8084,"minecraft:time_since_death":26172,"minecraft:deaths":4,"minecraft:sneak_time":101,"minecraft:total_world_time":26172,"minecraft:mob_kills":1,"minecraft:fall_one_cm":348,"minecraft:fly_one_cm":14253}},"DataVersion":3465}