{"stats":{"minecraft:picked_up":{"dedsafio3:procectorsolar":1},"minecraft:custom":{"minecraft:jump":29,"minecraft:time_since_rest":20585,"minecraft:damage_dealt":48,"minecraft:sprint_one_cm":6392,"minecraft:crouch_one_cm":374,"minecraft:damage_taken":230,"minecraft:leave_game":6,"minecraft:play_time":20585,"minecraft:walk_one_cm":5828,"minecraft:time_since_death":20585,"minecraft:deaths":3,"minecraft:sneak_time":101,"minecraft:total_world_time":20585,"minecraft:fall_one_cm":348,"minecraft:fly_one_cm":7533}},"DataVersion":3465}