{"stats":{"minecraft:dropped":{"pacomodsforge:orange_shulker_bag":1,"minecraft:paper":1},"minecraft:killed":{"pacomodsforge:fantasmarojo":2,"minecraft:zombie":4},"minecraft:crafted":{"minecraft:iron_chestplate":2,"minecraft:iron_boots":2,"minecraft:iron_helmet":2,"minecraft:iron_leggings":2},"minecraft:custom":{"minecraft:time_since_rest":90799,"minecraft:walk_one_cm":84026,"minecraft:sprint_one_cm":44504,"minecraft:open_enderchest":1,"minecraft:damage_taken":1583,"minecraft:damage_absorbed":178,"minecraft:mob_kills":7,"minecraft:drop":2,"minecraft:damage_dealt":2090,"minecraft:interact_with_crafting_table":3,"minecraft:fly_one_cm":279091,"minecraft:crouch_one_cm":11931,"minecraft:play_time":179761,"minecraft:deaths":12,"minecraft:sneak_time":3876,"minecraft:walk_under_water_one_cm":104,"minecraft:jump":365,"minecraft:leave_game":11,"minecraft:walk_on_water_one_cm":107,"minecraft:time_since_death":90793,"minecraft:total_world_time":179761,"minecraft:damage_resisted":151361,"minecraft:fall_one_cm":1664},"minecraft:picked_up":{"pacomodsforge:orange_shulker_bag":1,"minecraft:lead":1,"minecraft:paper":1,"minecraft:rotten_flesh":1},"minecraft:killed_by":{"minecraft:zombie":1},"minecraft:used":{"minecraft:netherite_sword":9,"pacomodsforge:fantasmarojo_spawn_egg":2,"minecraft:polished_andesite":1,"minecraft:barrier":3,"minecraft:mangrove_planks":1,"minecraft:iron_boots":1,"dedsafio_3:armadura_infernal_boots":1,"minecraft:totem_of_undying":1,"minecraft:golden_leggings":2,"dedsafio_3:armadura_infernal_leggings":1,"minecraft:golden_helmet":1,"dedsafio_3:armadura_infernal_chestplate":1,"minecraft:golden_apple":7,"minecraft:crafting_table":1,"dedsafio_3:armadura_infernal_helmet":1,"pacomodsforge:espada":18,"pacomodsforge:healingsword":2,"minecraft:campfire":5,"minecraft:golden_chestplate":1,"dedsafio_3:fogata_spawn_egg":1,"dedsafio_3:casino_d_3":60,"pacomodsforge:blue_capsule":3}},"DataVersion":3465}