{"stats":{"minecraft:custom":{"minecraft:time_since_rest":193710,"minecraft:damage_absorbed":178,"minecraft:sprint_one_cm":170912,"minecraft:open_enderchest":1,"minecraft:damage_taken":3163,"minecraft:walk_one_cm":187769,"minecraft:mob_kills":12,"minecraft:drop":9,"minecraft:damage_dealt":5118,"minecraft:interact_with_crafting_table":3,"minecraft:fly_one_cm":790514,"minecraft:crouch_one_cm":16092,"minecraft:play_time":373602,"minecraft:deaths":21,"minecraft:sneak_time":5938,"minecraft:walk_under_water_one_cm":274,"minecraft:jump":1758,"minecraft:leave_game":21,"minecraft:time_since_death":193702,"minecraft:walk_on_water_one_cm":616,"minecraft:total_world_time":373602,"minecraft:damage_resisted":151361,"minecraft:fall_one_cm":2725},"minecraft:killed":{"pacomodsforge:fantasmarojo":2,"dedsafio_3:revil":1,"minecraft:zombie":4,"dedsafio_3:fogata":1,"minecraft:iron_golem":1,"minecraft:zoglin":2},"minecraft:dropped":{"pacomodsforge:green_shulker_bag":1,"minecraft:player_head":1,"pacomodsforge:light_gray_shulker_bag":1,"pacomodsforge:orange_shulker_bag":1,"pacomodsforge:light_blue_shulker_bag":1,"pacomodsforge:lime_shulker_bag":1,"pacomodsforge:magenta_shulker_bag":1,"minecraft:paper":1,"pacomodsforge:cyan_shulker_bag":1},"minecraft:picked_up":{"pacomodsforge:green_shulker_bag":1,"pacomodsforge:orange_shulker_bag":1,"minecraft:glow_item_frame":1,"minecraft:filled_map":1,"minecraft:lead":1,"minecraft:oak_pressure_plate":1,"dedsafio_3:alma_golem":2,"dedsafio_3:deditas":63,"pacomodsforge:magenta_shulker_bag":1,"minecraft:paper":1,"pacomodsforge:light_gray_shulker_bag":1,"minecraft:rotten_flesh":5,"pacomodsforge:blue_capsule":64,"pacomodsforge:cyan_shulker_bag":1,"dedsafio_3:dedita_gold":59,"minecraft:netherite_sword":1,"minecraft:iron_ingot":3,"minecraft:player_head":1,"pacomodsforge:lime_shulker_bag":1,"pacomodsforge:light_blue_shulker_bag":1},"minecraft:killed_by":{"minecraft:zoglin":1,"minecraft:zombie":1},"minecraft:crafted":{"minecraft:iron_chestplate":2,"minecraft:iron_boots":2,"minecraft:iron_helmet":2,"minecraft:iron_leggings":2},"minecraft:used":{"minecraft:netherite_sword":11,"minecraft:command_block":5,"pacomodsforge:fantasmarojo_spawn_egg":2,"minecraft:black_concrete":1,"minecraft:rooted_dirt":3,"minecraft:polished_andesite":1,"minecraft:barrier":66,"minecraft:mangrove_planks":1,"minecraft:mossy_cobblestone_slab":7,"minecraft:iron_boots":1,"minecraft:oak_pressure_plate":1,"dedsafio_3:armadura_infernal_boots":1,"minecraft:totem_of_undying":7,"dedsafio_3:armadura_infernal_leggings":1,"minecraft:golden_helmet":1,"minecraft:golden_leggings":2,"dedsafio_3:armadura_infernal_chestplate":1,"minecraft:golden_apple":7,"minecraft:white_wool":2,"minecraft:glow_item_frame":1,"minecraft:cobblestone":1,"minecraft:crafting_table":1,"minecraft:campfire":5,"pacomodsforge:healingsword":7,"dedsafio_3:armadura_infernal_helmet":1,"pacomodsforge:espada":18,"minecraft:repeating_command_block":6,"minecraft:golden_chestplate":1,"minecraft:coarse_dirt":4,"dedsafio_3:fogata_spawn_egg":1,"dedsafio_3:casino_d_3":60,"pacomodsforge:blue_capsule":3}},"DataVersion":3465}