{"stats":{"minecraft:dropped":{"pacomodsforge:green_shulker_bag":1,"pacomodsforge:orange_shulker_bag":1,"pacomodsforge:light_gray_shulker_bag":1,"pacomodsforge:light_blue_shulker_bag":1,"pacomodsforge:lime_shulker_bag":1,"pacomodsforge:magenta_shulker_bag":1,"minecraft:paper":1,"pacomodsforge:cyan_shulker_bag":1},"minecraft:killed":{"pacomodsforge:fantasmarojo":2,"minecraft:zombie":4,"minecraft:zoglin":2},"minecraft:crafted":{"minecraft:iron_chestplate":2,"minecraft:iron_boots":2,"minecraft:iron_helmet":2,"minecraft:iron_leggings":2},"minecraft:custom":{"minecraft:time_since_rest":23130,"minecraft:walk_one_cm":100150,"minecraft:sprint_one_cm":55177,"minecraft:open_enderchest":1,"minecraft:damage_taken":2563,"minecraft:damage_absorbed":178,"minecraft:mob_kills":9,"minecraft:drop":8,"minecraft:damage_dealt":2613,"minecraft:interact_with_crafting_table":3,"minecraft:fly_one_cm":318062,"minecraft:crouch_one_cm":12431,"minecraft:play_time":203022,"minecraft:deaths":17,"minecraft:sneak_time":4355,"minecraft:walk_under_water_one_cm":274,"minecraft:jump":398,"minecraft:leave_game":12,"minecraft:walk_on_water_one_cm":558,"minecraft:time_since_death":23122,"minecraft:total_world_time":203022,"minecraft:damage_resisted":151361,"minecraft:fall_one_cm":1922},"minecraft:picked_up":{"pacomodsforge:green_shulker_bag":1,"pacomodsforge:orange_shulker_bag":1,"minecraft:glow_item_frame":1,"minecraft:filled_map":1,"minecraft:oak_pressure_plate":1,"minecraft:lead":1,"dedsafio_3:deditas":63,"pacomodsforge:magenta_shulker_bag":1,"minecraft:paper":1,"pacomodsforge:light_gray_shulker_bag":1,"minecraft:rotten_flesh":5,"pacomodsforge:blue_capsule":64,"pacomodsforge:cyan_shulker_bag":1,"dedsafio_3:dedita_gold":59,"minecraft:netherite_sword":1,"pacomodsforge:lime_shulker_bag":1,"pacomodsforge:light_blue_shulker_bag":1},"minecraft:killed_by":{"minecraft:zoglin":1,"minecraft:zombie":1},"minecraft:used":{"minecraft:netherite_sword":11,"pacomodsforge:fantasmarojo_spawn_egg":2,"minecraft:black_concrete":1,"minecraft:rooted_dirt":2,"minecraft:polished_andesite":1,"minecraft:barrier":3,"minecraft:mangrove_planks":1,"minecraft:oak_pressure_plate":1,"minecraft:iron_boots":1,"dedsafio_3:armadura_infernal_boots":1,"minecraft:totem_of_undying":4,"minecraft:golden_leggings":2,"dedsafio_3:armadura_infernal_leggings":1,"minecraft:golden_helmet":1,"minecraft:glow_item_frame":1,"dedsafio_3:armadura_infernal_chestplate":1,"minecraft:golden_apple":7,"minecraft:cobblestone":1,"minecraft:crafting_table":1,"dedsafio_3:armadura_infernal_helmet":1,"pacomodsforge:espada":18,"pacomodsforge:healingsword":7,"minecraft:campfire":5,"minecraft:golden_chestplate":1,"dedsafio_3:fogata_spawn_egg":1,"dedsafio_3:casino_d_3":60,"pacomodsforge:blue_capsule":3}},"DataVersion":3465}