{"stats":{"minecraft:crafted":{"minecraft:iron_chestplate":2,"minecraft:iron_boots":2,"minecraft:iron_helmet":2,"minecraft:iron_leggings":2},"minecraft:killed":{"pacomodsforge:fantasmarojo":2,"minecraft:zombie":3},"minecraft:killed_by":{"minecraft:zombie":1},"minecraft:dropped":{"pacomodsforge:orange_shulker_bag":1,"minecraft:paper":1},"minecraft:used":{"minecraft:netherite_sword":5,"pacomodsforge:fantasmarojo_spawn_egg":2,"minecraft:polished_andesite":1,"minecraft:barrier":3,"minecraft:mangrove_planks":1,"minecraft:iron_boots":1,"dedsafio_3:armadura_infernal_boots":1,"minecraft:totem_of_undying":1,"minecraft:golden_leggings":2,"dedsafio_3:armadura_infernal_leggings":1,"minecraft:golden_helmet":1,"dedsafio_3:armadura_infernal_chestplate":1,"minecraft:golden_apple":3,"minecraft:crafting_table":1,"dedsafio_3:armadura_infernal_helmet":1,"pacomodsforge:espada":16,"pacomodsforge:healingsword":2,"minecraft:campfire":5,"minecraft:golden_chestplate":1,"dedsafio_3:fogata_spawn_egg":1,"dedsafio_3:casino_d_3":60,"pacomodsforge:blue_capsule":2},"minecraft:picked_up":{"pacomodsforge:orange_shulker_bag":1,"minecraft:lead":1,"minecraft:paper":1},"minecraft:custom":{"minecraft:time_since_rest":10072,"minecraft:walk_one_cm":63667,"minecraft:sprint_one_cm":36055,"minecraft:open_enderchest":1,"minecraft:damage_taken":1089,"minecraft:damage_absorbed":160,"minecraft:mob_kills":6,"minecraft:drop":2,"minecraft:damage_dealt":1604,"minecraft:interact_with_crafting_table":3,"minecraft:fly_one_cm":205296,"minecraft:crouch_one_cm":11579,"minecraft:play_time":99034,"minecraft:deaths":5,"minecraft:sneak_time":3350,"minecraft:jump":336,"minecraft:leave_game":8,"minecraft:time_since_death":10066,"minecraft:total_world_time":99034,"minecraft:damage_resisted":151361,"minecraft:fall_one_cm":838}},"DataVersion":3465}