{"stats":{"minecraft:dropped":{"pacomodsforge:green_shulker_bag":1,"pacomodsforge:orange_shulker_bag":1,"pacomodsforge:light_gray_shulker_bag":1,"pacomodsforge:light_blue_shulker_bag":1,"pacomodsforge:lime_shulker_bag":1,"pacomodsforge:magenta_shulker_bag":1,"minecraft:paper":1,"pacomodsforge:cyan_shulker_bag":1},"minecraft:killed":{"pacomodsforge:fantasmarojo":2,"minecraft:zombie":4,"minecraft:zoglin":2},"minecraft:crafted":{"minecraft:iron_chestplate":2,"minecraft:iron_boots":2,"minecraft:iron_helmet":2,"minecraft:iron_leggings":2},"minecraft:custom":{"minecraft:time_since_rest":11869,"minecraft:walk_one_cm":91568,"minecraft:sprint_one_cm":53937,"minecraft:open_enderchest":1,"minecraft:damage_taken":2178,"minecraft:damage_absorbed":178,"minecraft:mob_kills":9,"minecraft:drop":8,"minecraft:damage_dealt":2604,"minecraft:interact_with_crafting_table":3,"minecraft:fly_one_cm":308102,"minecraft:crouch_one_cm":12272,"minecraft:play_time":191761,"minecraft:deaths":13,"minecraft:sneak_time":4330,"minecraft:walk_under_water_one_cm":274,"minecraft:jump":377,"minecraft:leave_game":11,"minecraft:walk_on_water_one_cm":439,"minecraft:time_since_death":11861,"minecraft:total_world_time":191761,"minecraft:damage_resisted":151361,"minecraft:fall_one_cm":1922},"minecraft:picked_up":{"pacomodsforge:green_shulker_bag":1,"pacomodsforge:orange_shulker_bag":1,"minecraft:lead":1,"dedsafio_3:deditas":63,"pacomodsforge:magenta_shulker_bag":1,"minecraft:paper":1,"pacomodsforge:light_gray_shulker_bag":1,"minecraft:rotten_flesh":5,"pacomodsforge:blue_capsule":64,"pacomodsforge:cyan_shulker_bag":1,"dedsafio_3:dedita_gold":59,"minecraft:netherite_sword":1,"pacomodsforge:lime_shulker_bag":1,"pacomodsforge:light_blue_shulker_bag":1},"minecraft:killed_by":{"minecraft:zoglin":1,"minecraft:zombie":1},"minecraft:used":{"minecraft:netherite_sword":11,"pacomodsforge:fantasmarojo_spawn_egg":2,"minecraft:polished_andesite":1,"minecraft:barrier":3,"minecraft:mangrove_planks":1,"minecraft:iron_boots":1,"dedsafio_3:armadura_infernal_boots":1,"minecraft:totem_of_undying":3,"minecraft:golden_leggings":2,"dedsafio_3:armadura_infernal_leggings":1,"minecraft:golden_helmet":1,"dedsafio_3:armadura_infernal_chestplate":1,"minecraft:golden_apple":7,"minecraft:crafting_table":1,"dedsafio_3:armadura_infernal_helmet":1,"pacomodsforge:espada":18,"pacomodsforge:healingsword":7,"minecraft:campfire":5,"minecraft:golden_chestplate":1,"dedsafio_3:fogata_spawn_egg":1,"dedsafio_3:casino_d_3":60,"pacomodsforge:blue_capsule":3}},"DataVersion":3465}