{"stats":{"minecraft:picked_up":{"minecraft:glow_item_frame":4,"minecraft:leather":2,"minecraft:potato":1,"minecraft:filled_map":2,"minecraft:carrot":1,"minecraft:bone":3,"minecraft:arrow":4,"minecraft:rotten_flesh":39,"minecraft:wheat_seeds":1,"minecraft:rose_bush":1,"minecraft:mutton":1,"minecraft:white_wool":1},"minecraft:dropped":{"minecraft:netherite_sword":1},"minecraft:killed":{"minecraft:sheep":1,"pacomodsforge:fantasmarojo":1,"minecraft:husk":48,"minecraft:zombie":3,"minecraft:spider":1},"minecraft:used":{"dedsafio3:bomba_n_voladora_spawn_egg":3,"minecraft:netherite_sword":9,"minecraft:command_block":3,"minecraft:grass_block":71,"dedsafio3:healingsword":103,"minecraft:rooted_dirt":1,"minecraft:barrier":76,"dedsafio3:spawner_spawn_egg":3,"minecraft:totem_of_undying":2,"minecraft:item_frame":7,"minecraft:golden_apple":5,"minecraft:glow_item_frame":1,"minecraft:dirt":3,"dedsafio3:bomba_r_voladora_spawn_egg":3,"dedsafio3:bomba_a_voladora_spawn_egg":1,"pacomodsforge:espada":14,"minecraft:carrot":2,"minecraft:chain_command_block":3,"minecraft:campfire":11,"minecraft:repeating_command_block":10,"minecraft:white_concrete":5,"minecraft:coarse_dirt":5,"minecraft:splash_potion":30,"pacomodsforge:blue_capsule":1,"immersive_paintings:graffiti":5},"minecraft:custom":{"minecraft:time_since_rest":274742,"minecraft:sprint_one_cm":187570,"minecraft:damage_taken":1825,"minecraft:walk_one_cm":119735,"minecraft:mob_kills":56,"minecraft:drop":1,"minecraft:damage_dealt":11619,"minecraft:swim_one_cm":1739,"minecraft:fly_one_cm":1105470,"minecraft:crouch_one_cm":7765,"minecraft:play_time":274742,"minecraft:deaths":5,"minecraft:sneak_time":4729,"minecraft:walk_under_water_one_cm":4310,"minecraft:jump":1816,"minecraft:leave_game":30,"minecraft:walk_on_water_one_cm":5679,"minecraft:time_since_death":274742,"minecraft:total_world_time":274742,"minecraft:damage_resisted":283210,"minecraft:fall_one_cm":29503},"minecraft:mined":{"minecraft:grass":6}},"DataVersion":3465}