{"stats":{"minecraft:picked_up":{"minecraft:arrow":2,"minecraft:bone":1,"minecraft:rotten_flesh":2,"minecraft:wheat_seeds":1,"minecraft:rose_bush":1,"minecraft:mutton":1,"minecraft:white_wool":1},"minecraft:dropped":{"minecraft:netherite_sword":1},"minecraft:killed":{"minecraft:sheep":1,"pacomodsforge:fantasmarojo":1,"minecraft:zombie":3},"minecraft:used":{"minecraft:golden_apple":4,"minecraft:netherite_sword":9,"minecraft:item_frame":7,"minecraft:dirt":3,"minecraft:command_block":3,"minecraft:grass_block":71,"minecraft:rooted_dirt":1,"minecraft:barrier":74,"pacomodsforge:espada":10,"minecraft:chain_command_block":3,"minecraft:campfire":11,"minecraft:repeating_command_block":10,"minecraft:coarse_dirt":5,"pacomodsforge:blue_capsule":1,"minecraft:splash_potion":30,"minecraft:totem_of_undying":1},"minecraft:custom":{"minecraft:time_since_rest":222864,"minecraft:damage_taken":1185,"minecraft:crouch_one_cm":6400,"minecraft:play_time":222864,"minecraft:sprint_one_cm":122402,"minecraft:deaths":3,"minecraft:walk_one_cm":97826,"minecraft:sneak_time":3432,"minecraft:mob_kills":5,"minecraft:drop":1,"minecraft:jump":976,"minecraft:damage_dealt":1398,"minecraft:leave_game":24,"minecraft:time_since_death":222864,"minecraft:walk_on_water_one_cm":105,"minecraft:total_world_time":222864,"minecraft:damage_resisted":153621,"minecraft:fall_one_cm":5647,"minecraft:fly_one_cm":734820},"minecraft:mined":{"minecraft:grass":5}},"DataVersion":3465}