{"stats":{"minecraft:mined":{"minecraft:grass":17,"minecraft:grass_block":2,"minecraft:dirt":9,"minecraft:rooted_dirt":1},"minecraft:picked_up":{"dedsafio3:boost":32,"minecraft:glow_item_frame":4,"minecraft:leather":2,"minecraft:potato":1,"minecraft:filled_map":2,"minecraft:carrot":1,"minecraft:dirt":11,"minecraft:paper":1,"minecraft:arrow":4,"minecraft:bone":3,"minecraft:rotten_flesh":41,"minecraft:oak_sign":2,"minecraft:black_concrete":1,"minecraft:wheat_seeds":3,"minecraft:rose_bush":1,"minecraft:rooted_dirt":1,"minecraft:mutton":1,"minecraft:white_wool":1},"minecraft:custom":{"minecraft:time_since_rest":513565,"minecraft:sprint_one_cm":298586,"minecraft:damage_absorbed":16,"minecraft:damage_taken":2237,"minecraft:walk_one_cm":203019,"minecraft:mob_kills":62,"minecraft:drop":5,"minecraft:damage_dealt":14634,"minecraft:swim_one_cm":1739,"minecraft:fly_one_cm":1723356,"minecraft:crouch_one_cm":15601,"minecraft:play_time":513565,"minecraft:deaths":8,"minecraft:sneak_time":9001,"minecraft:walk_under_water_one_cm":4310,"minecraft:jump":2692,"minecraft:leave_game":41,"minecraft:walk_on_water_one_cm":6022,"minecraft:time_since_death":513565,"minecraft:total_world_time":513565,"minecraft:damage_resisted":721077,"minecraft:fall_one_cm":48268},"minecraft:killed":{"minecraft:sheep":1,"minecraft:husk":48,"minecraft:zombie":4,"dedsafio3:mobxd":1,"minecraft:spider":1,"dedsafio3:fantasmarojo":2,"dedsafio3:infernal_bull_experimental":1},"minecraft:dropped":{"dedsafio3:boost":32,"minecraft:netherite_sword":1,"dedsafio3:procectorsolar":1,"minecraft:black_concrete":1,"minecraft:paper":1},"minecraft:used":{"dedsafio3:espada":21,"dedsafio3:bomba_n_voladora_spawn_egg":3,"minecraft:netherite_sword":9,"minecraft:black_concrete":50,"minecraft:cyan_terracotta":8,"dedsafio3:fantasmarojo_spawn_egg":1,"minecraft:command_block":3,"dedsafio3:healingsword":116,"minecraft:grass_block":193,"minecraft:rooted_dirt":38,"minecraft:barrier":78,"dedsafio3:infernal_bull_experimental_spawn_egg":1,"minecraft:oak_sign":7,"dedsafio3:spawner_spawn_egg":3,"minecraft:stripped_jungle_wood":1,"minecraft:glow_ink_sac":5,"minecraft:totem_of_undying":2,"minecraft:rotten_flesh":1,"minecraft:item_frame":9,"minecraft:golden_apple":13,"dedsafio3:blue_capsule":1,"minecraft:glow_item_frame":1,"minecraft:dirt":14,"dedsafio3:bomba_r_voladora_spawn_egg":4,"minecraft:campfire":11,"dedsafio3:bomba_a_voladora_spawn_egg":1,"minecraft:carrot":2,"minecraft:chain_command_block":12,"minecraft:repeating_command_block":33,"minecraft:white_concrete":5,"minecraft:coarse_dirt":6,"minecraft:red_dye":5,"minecraft:splash_potion":37,"immersive_paintings:graffiti":5}},"DataVersion":3465}