{"stats":{"minecraft:picked_up":{"minecraft:arrow":2,"minecraft:bone":1,"minecraft:rotten_flesh":2},"minecraft:dropped":{"minecraft:netherite_sword":1},"minecraft:killed":{"minecraft:zombie":3},"minecraft:used":{"minecraft:item_frame":7,"minecraft:netherite_sword":9,"minecraft:command_block":3,"minecraft:grass_block":10,"minecraft:rooted_dirt":1,"minecraft:barrier":74,"minecraft:chain_command_block":3,"minecraft:campfire":11,"minecraft:repeating_command_block":10,"minecraft:coarse_dirt":5,"minecraft:splash_potion":1,"minecraft:totem_of_undying":1},"minecraft:custom":{"minecraft:time_since_rest":204874,"minecraft:crouch_one_cm":5681,"minecraft:sprint_one_cm":104655,"minecraft:play_time":204874,"minecraft:deaths":2,"minecraft:damage_taken":1185,"minecraft:walk_one_cm":84726,"minecraft:sneak_time":2756,"minecraft:mob_kills":3,"minecraft:drop":1,"minecraft:jump":831,"minecraft:damage_dealt":857,"minecraft:leave_game":22,"minecraft:walk_on_water_one_cm":105,"minecraft:time_since_death":204874,"minecraft:total_world_time":204874,"minecraft:fall_one_cm":3223,"minecraft:fly_one_cm":568141}},"DataVersion":3465}