{"stats":{"minecraft:picked_up":{"minecraft:glow_item_frame":4,"minecraft:filled_map":2,"minecraft:bone":3,"minecraft:arrow":4,"minecraft:rotten_flesh":2,"minecraft:wheat_seeds":1,"minecraft:rose_bush":1,"minecraft:mutton":1,"minecraft:white_wool":1},"minecraft:dropped":{"minecraft:netherite_sword":1},"minecraft:killed":{"minecraft:sheep":1,"pacomodsforge:fantasmarojo":1,"minecraft:zombie":3,"minecraft:spider":1},"minecraft:used":{"minecraft:netherite_sword":9,"minecraft:command_block":3,"minecraft:grass_block":71,"minecraft:rooted_dirt":1,"minecraft:barrier":76,"minecraft:totem_of_undying":2,"minecraft:item_frame":7,"minecraft:glow_item_frame":1,"minecraft:golden_apple":5,"minecraft:dirt":3,"pacomodsforge:espada":14,"minecraft:chain_command_block":3,"minecraft:repeating_command_block":10,"minecraft:campfire":11,"dedsafio_3:infernal_sword":2,"minecraft:white_concrete":5,"minecraft:coarse_dirt":5,"minecraft:splash_potion":30,"pacomodsforge:blue_capsule":1,"immersive_paintings:graffiti":5},"minecraft:custom":{"minecraft:time_since_rest":253155,"minecraft:sprint_one_cm":162804,"minecraft:walk_one_cm":109700,"minecraft:damage_taken":1385,"minecraft:mob_kills":7,"minecraft:drop":1,"minecraft:damage_dealt":1734,"minecraft:fly_one_cm":1010031,"minecraft:crouch_one_cm":7637,"minecraft:play_time":253155,"minecraft:deaths":3,"minecraft:sneak_time":4307,"minecraft:walk_under_water_one_cm":2812,"minecraft:jump":1360,"minecraft:leave_game":25,"minecraft:walk_on_water_one_cm":866,"minecraft:time_since_death":253155,"minecraft:damage_resisted":165034,"minecraft:total_world_time":253155,"minecraft:fall_one_cm":9907},"minecraft:mined":{"minecraft:grass":5}},"DataVersion":3465}