{"stats":{"minecraft:mined":{"minecraft:grass":17,"minecraft:grass_block":2,"minecraft:dirt":9,"minecraft:rooted_dirt":1},"minecraft:picked_up":{"dedsafio3:boost":32,"minecraft:glow_item_frame":4,"minecraft:leather":2,"minecraft:potato":1,"minecraft:filled_map":2,"minecraft:carrot":1,"minecraft:dirt":11,"minecraft:arrow":4,"minecraft:bone":3,"minecraft:rotten_flesh":39,"minecraft:wheat_seeds":3,"minecraft:rose_bush":1,"minecraft:rooted_dirt":1,"minecraft:mutton":1,"minecraft:white_wool":1},"minecraft:custom":{"minecraft:time_since_rest":382954,"minecraft:damage_absorbed":16,"minecraft:sprint_one_cm":233815,"minecraft:damage_taken":1937,"minecraft:walk_one_cm":144939,"minecraft:mob_kills":62,"minecraft:drop":2,"minecraft:damage_dealt":14329,"minecraft:swim_one_cm":1739,"minecraft:fly_one_cm":1335440,"minecraft:crouch_one_cm":10353,"minecraft:play_time":382954,"minecraft:deaths":7,"minecraft:sneak_time":6061,"minecraft:walk_under_water_one_cm":4310,"minecraft:jump":2165,"minecraft:leave_game":36,"minecraft:walk_on_water_one_cm":6022,"minecraft:time_since_death":382954,"minecraft:total_world_time":382954,"minecraft:damage_resisted":721002,"minecraft:fall_one_cm":47231},"minecraft:killed":{"minecraft:sheep":1,"minecraft:husk":48,"minecraft:zombie":4,"dedsafio3:mobxd":1,"minecraft:spider":1,"dedsafio3:fantasmarojo":2,"dedsafio3:infernal_bull_experimental":1},"minecraft:dropped":{"dedsafio3:boost":32,"minecraft:netherite_sword":1},"minecraft:used":{"dedsafio3:espada":21,"dedsafio3:bomba_n_voladora_spawn_egg":3,"minecraft:netherite_sword":9,"dedsafio3:fantasmarojo_spawn_egg":1,"minecraft:command_block":3,"dedsafio3:healingsword":116,"minecraft:grass_block":111,"minecraft:rooted_dirt":2,"minecraft:barrier":76,"dedsafio3:infernal_bull_experimental_spawn_egg":1,"dedsafio3:spawner_spawn_egg":3,"minecraft:totem_of_undying":2,"minecraft:item_frame":7,"dedsafio3:blue_capsule":1,"minecraft:golden_apple":13,"minecraft:glow_item_frame":1,"minecraft:dirt":14,"dedsafio3:bomba_r_voladora_spawn_egg":4,"minecraft:campfire":11,"dedsafio3:bomba_a_voladora_spawn_egg":1,"minecraft:carrot":2,"minecraft:chain_command_block":3,"minecraft:repeating_command_block":14,"minecraft:white_concrete":5,"minecraft:coarse_dirt":5,"minecraft:splash_potion":37,"immersive_paintings:graffiti":5}},"DataVersion":3465}