{"stats":{"minecraft:mined":{"minecraft:tall_grass":30,"minecraft:grass":4,"minecraft:oak_wood":2},"minecraft:used":{"minecraft:netherite_sword":10,"minecraft:oak_wood":2},"minecraft:picked_up":{"minecraft:oak_wood":2,"minecraft:wheat_seeds":1,"minecraft:netherite_sword":1},"minecraft:custom":{"minecraft:jump":553,"minecraft:damage_taken":1073,"minecraft:time_since_rest":44725,"minecraft:leave_game":12,"minecraft:play_time":44725,"minecraft:crouch_one_cm":7510,"minecraft:sprint_one_cm":51747,"minecraft:time_since_death":44725,"minecraft:walk_one_cm":44938,"minecraft:deaths":6,"minecraft:sneak_time":2140,"minecraft:total_world_time":44725,"minecraft:fall_one_cm":10848,"minecraft:fly_one_cm":202289,"minecraft:damage_dealt":342}},"DataVersion":3465}